statistics_code;statistics_label;time_code;time_label;time;1_variable_code;1_variable_label;1_variable_attribute_code;1_variable_attribute_label;2_variable_code;2_variable_label;2_variable_attribute_code;2_variable_attribute_label;3_variable_code;3_variable_label;3_variable_attribute_code;3_variable_attribute_label;value;value_unit;value_variable_code;value_variable_label;value_q
46241;Statistics of road traffic accidents;JAHR;Year;2018;DINSG;Germany;DG;Germany;VERUK1;Accident category;;Total;VEROL1;Area;;Total;2636468;number;VER001;Accidents (recorded by the police);e
46241;Statistics of road traffic accidents;JAHR;Year;2017;DINSG;Germany;DG;Germany;VERUK1;Accident category;;Total;VEROL1;Area;ORTSLG03;On motorways/freeways;178861;number;VER001;Accidents (recorded by the police);e
46241;Statistics of road traffic accidents;JAHR;Year;2016;DINSG;Germany;DG;Germany;VERUK1;Accident category;UNF-RAUSCH;Other accidents involving intoxication;VEROL1;Area;ORTSLG01;Inside built-up areas;12773;number;VER001;Accidents (recorded by the police);e
46241;Statistics of road traffic accidents;JAHR;Year;2023;DINSG;Germany;DG;Germany;VERUK1;Accident category;UNF-SACH;Serious acc. invol. mat.damage in the nearer sense;VEROL1;Area;ORTSLG01;Inside built-up areas;37318;number;VER001;Accidents (recorded by the police);e
46241;Statistics of road traffic accidents;JAHR;Year;2022;DINSG;Germany;DG;Germany;VERUK1;Accident category;UNF-SACH;Serious acc. invol. mat.damage in the nearer sense;VEROL1;Area;ORTSLG03;On motorways/freeways;9808;number;VER001;Accidents (recorded by the police);e
46241;Statistics of road traffic accidents;JAHR;Year;2019;DINSG;Germany;DG;Germany;VERUK1;Accident category;UNF-SACH-UEBR;Other accidents involving material damage;VEROL1;Area;;Total;2300548;number;VER001;Accidents (recorded by the police);e
46241;Statistics of road traffic accidents;JAHR;Year;2023;DINSG;Germany;DG;Germany;VERUK1;Accident category;UNF-RAUSCH;Other accidents involving intoxication;VEROL1;Area;ORTSLG03;On motorways/freeways;1001;number;VER001;Accidents (recorded by the police);e
46241;Statistics of road traffic accidents;JAHR;Year;2023;DINSG;Germany;DG;Germany;VERUK1;Accident category;UNF-PERS;Personal injury accidents;VEROL1;Area;ORTSLG02;Outside built-up areas (excl. motorways/freeways);69544;number;VER001;Accidents (recorded by the police);e
46241;Statistics of road traffic accidents;JAHR;Year;2019;DINSG;Germany;DG;Germany;VERUK1;Accident category;UNF-SACH;Serious acc. invol. mat.damage in the nearer sense;VEROL1;Area;ORTSLG03;On motorways/freeways;10491;number;VER001;Accidents (recorded by the police);e
46241;Statistics of road traffic accidents;JAHR;Year;2016;DINSG;Germany;DG;Germany;VERUK1;Accident category;UNF-SACH;Serious acc. invol. mat.damage in the nearer sense;VEROL1;Area;ORTSLG01;Inside built-up areas;42168;number;VER001;Accidents (recorded by the police);e
46241;Statistics of road traffic accidents;JAHR;Year;2015;DINSG;Germany;DG;Germany;VERUK1;Accident category;UNF-RAUSCH;Other accidents involving intoxication;VEROL1;Area;ORTSLG01;Inside built-up areas;12134;number;VER001;Accidents (recorded by the police);e
46241;Statistics of road traffic accidents;JAHR;Year;2023;DINSG;Germany;DG;Germany;VERUK1;Accident category;;Total;VEROL1;Area;;Total;2519525;number;VER001;Accidents (recorded by the police);e
46241;Statistics of road traffic accidents;JAHR;Year;2015;DINSG;Germany;DG;Germany;VERUK1;Accident category;UNF-SACH;Serious acc. invol. mat.damage in the nearer sense;VEROL1;Area;ORTSLG03;On motorways/freeways;9988;number;VER001;Accidents (recorded by the police);e
46241;Statistics of road traffic accidents;JAHR;Year;2018;DINSG;Germany;DG;Germany;VERUK1;Accident category;;Total;VEROL1;Area;ORTSLG01;Inside built-up areas;1946295;number;VER001;Accidents (recorded by the police);e
46241;Statistics of road traffic accidents;JAHR;Year;2019;DINSG;Germany;DG;Germany;VERUK1;Accident category;UNF-PERS;Personal injury accidents;VEROL1;Area;ORTSLG03;On motorways/freeways;19980;number;VER001;Accidents (recorded by the police);e
46241;Statistics of road traffic accidents;JAHR;Year;2017;DINSG;Germany;DG;Germany;VERUK1;Accident category;UNF-SACH;Serious acc. invol. mat.damage in the nearer sense;VEROL1;Area;;Total;74461;number;VER001;Accidents (recorded by the police);e
46241;Statistics of road traffic accidents;JAHR;Year;2019;DINSG;Germany;DG;Germany;VERUK1;Accident category;;Total;VEROL1;Area;ORTSLG01;Inside built-up areas;1975838;number;VER001;Accidents (recorded by the police);e
46241;Statistics of road traffic accidents;JAHR;Year;2024;DINSG;Germany;DG;Germany;VERUK1;Accident category;UNF-RAUSCH;Other accidents involving intoxication;VEROL1;Area;ORTSLG03;On motorways/freeways;932;number;VER001;Accidents (recorded by the police);e
46241;Statistics of road traffic accidents;JAHR;Year;2016;DINSG;Germany;DG;Germany;VERUK1;Accident category;UNF-PERS;Personal injury accidents;VEROL1;Area;ORTSLG01;Inside built-up areas;211686;number;VER001;Accidents (recorded by the police);e
46241;Statistics of road traffic accidents;JAHR;Year;2015;DINSG;Germany;DG;Germany;VERUK1;Accident category;UNF-PERS;Personal injury accidents;VEROL1;Area;ORTSLG03;On motorways/freeways;20113;number;VER001;Accidents (recorded by the police);e
46241;Statistics of road traffic accidents;JAHR;Year;2023;DINSG;Germany;DG;Germany;VERUK1;Accident category;UNF-RAUSCH;Other accidents involving intoxication;VEROL1;Area;ORTSLG02;Outside built-up areas (excl. motorways/freeways);2199;number;VER001;Accidents (recorded by the police);e
46241;Statistics of road traffic accidents;JAHR;Year;2017;DINSG;Germany;DG;Germany;VERUK1;Accident category;;Total;VEROL1;Area;ORTSLG02;Outside built-up areas (excl. motorways/freeways);529699;number;VER001;Accidents (recorded by the police);e
46241;Statistics of road traffic accidents;JAHR;Year;2016;DINSG;Germany;DG;Germany;VERUK1;Accident category;UNF-RAUSCH;Other accidents involving intoxication;VEROL1;Area;ORTSLG02;Outside built-up areas (excl. motorways/freeways);1949;number;VER001;Accidents (recorded by the police);e
46241;Statistics of road traffic accidents;JAHR;Year;2016;DINSG;Germany;DG;Germany;VERUK1;Accident category;;Total;VEROL1;Area;ORTSLG03;On motorways/freeways;174067;number;VER001;Accidents (recorded by the police);e
46241;Statistics of road traffic accidents;JAHR;Year;2024;DINSG;Germany;DG;Germany;VERUK1;Accident category;;Total;VEROL1;Area;ORTSLG03;On motorways/freeways;165175;number;VER001;Accidents (recorded by the police);e
46241;Statistics of road traffic accidents;JAHR;Year;2019;DINSG;Germany;DG;Germany;VERUK1;Accident category;;Total;VEROL1;Area;;Total;2685661;number;VER001;Accidents (recorded by the police);e
46241;Statistics of road traffic accidents;JAHR;Year;2022;DINSG;Germany;DG;Germany;VERUK1;Accident category;UNF-RAUSCH;Other accidents involving intoxication;VEROL1;Area;;Total;15649;number;VER001;Accidents (recorded by the police);e
46241;Statistics of road traffic accidents;JAHR;Year;2022;DINSG;Germany;DG;Germany;VERUK1;Accident category;UNF-PERS;Personal injury accidents;VEROL1;Area;ORTSLG03;On motorways/freeways;17755;number;VER001;Accidents (recorded by the police);e
46241;Statistics of road traffic accidents;JAHR;Year;2023;DINSG;Germany;DG;Germany;VERUK1;Accident category;UNF-PERS;Personal injury accidents;VEROL1;Area;ORTSLG03;On motorways/freeways;19086;number;VER001;Accidents (recorded by the police);e
46241;Statistics of road traffic accidents;JAHR;Year;2021;DINSG;Germany;DG;Germany;VERUK1;Accident category;;Total;VEROL1;Area;ORTSLG01;Inside built-up areas;1674765;number;VER001;Accidents (recorded by the police);e
46241;Statistics of road traffic accidents;JAHR;Year;2019;DINSG;Germany;DG;Germany;VERUK1;Accident category;UNF-SACH;Serious acc. invol. mat.damage in the nearer sense;VEROL1;Area;ORTSLG02;Outside built-up areas (excl. motorways/freeways);18129;number;VER001;Accidents (recorded by the police);e
46241;Statistics of road traffic accidents;JAHR;Year;2015;DINSG;Germany;DG;Germany;VERUK1;Accident category;UNF-SACH;Serious acc. invol. mat.damage in the nearer sense;VEROL1;Area;ORTSLG02;Outside built-up areas (excl. motorways/freeways);18079;number;VER001;Accidents (recorded by the police);e
46241;Statistics of road traffic accidents;JAHR;Year;2015;DINSG;Germany;DG;Germany;VERUK1;Accident category;UNF-RAUSCH;Other accidents involving intoxication;VEROL1;Area;ORTSLG02;Outside built-up areas (excl. motorways/freeways);1914;number;VER001;Accidents (recorded by the police);e
46241;Statistics of road traffic accidents;JAHR;Year;2016;DINSG;Germany;DG;Germany;VERUK1;Accident category;UNF-SACH;Serious acc. invol. mat.damage in the nearer sense;VEROL1;Area;ORTSLG02;Outside built-up areas (excl. motorways/freeways);18664;number;VER001;Accidents (recorded by the police);e
46241;Statistics of road traffic accidents;JAHR;Year;2019;DINSG;Germany;DG;Germany;VERUK1;Accident category;UNF-PERS;Personal injury accidents;VEROL1;Area;ORTSLG02;Outside built-up areas (excl. motorways/freeways);72538;number;VER001;Accidents (recorded by the police);e
46241;Statistics of road traffic accidents;JAHR;Year;2016;DINSG;Germany;DG;Germany;VERUK1;Accident category;UNF-RAUSCH;Other accidents involving intoxication;VEROL1;Area;;Total;15518;number;VER001;Accidents (recorded by the police);e
46241;Statistics of road traffic accidents;JAHR;Year;2019;DINSG;Germany;DG;Germany;VERUK1;Accident category;;Total;VEROL1;Area;ORTSLG02;Outside built-up areas (excl. motorways/freeways);531842;number;VER001;Accidents (recorded by the police);e
46241;Statistics of road traffic accidents;JAHR;Year;2017;DINSG;Germany;DG;Germany;VERUK1;Accident category;UNF-PERS;Personal injury accidents;VEROL1;Area;;Total;302656;number;VER001;Accidents (recorded by the police);e
46241;Statistics of road traffic accidents;JAHR;Year;2016;DINSG;Germany;DG;Germany;VERUK1;Accident category;UNF-PERS;Personal injury accidents;VEROL1;Area;ORTSLG02;Outside built-up areas (excl. motorways/freeways);75266;number;VER001;Accidents (recorded by the police);e
46241;Statistics of road traffic accidents;JAHR;Year;2015;DINSG;Germany;DG;Germany;VERUK1;Accident category;UNF-PERS;Personal injury accidents;VEROL1;Area;ORTSLG02;Outside built-up areas (excl. motorways/freeways);75725;number;VER001;Accidents (recorded by the police);e
46241;Statistics of road traffic accidents;JAHR;Year;2024;DINSG;Germany;DG;Germany;VERUK1;Accident category;UNF-RAUSCH;Other accidents involving intoxication;VEROL1;Area;ORTSLG02;Outside built-up areas (excl. motorways/freeways);2157;number;VER001;Accidents (recorded by the police);e
46241;Statistics of road traffic accidents;JAHR;Year;2023;DINSG;Germany;DG;Germany;VERUK1;Accident category;UNF-RAUSCH;Other accidents involving intoxication;VEROL1;Area;ORTSLG01;Inside built-up areas;12462;number;VER001;Accidents (recorded by the police);e
46241;Statistics of road traffic accidents;JAHR;Year;2020;DINSG;Germany;DG;Germany;VERUK1;Accident category;UNF-SACH-UEBR;Other accidents involving material damage;VEROL1;Area;ORTSLG03;On motorways/freeways;105462;number;VER001;Accidents (recorded by the police);e
46241;Statistics of road traffic accidents;JAHR;Year;2015;DINSG;Germany;DG;Germany;VERUK1;Accident category;;Total;VEROL1;Area;ORTSLG03;On motorways/freeways;161096;number;VER001;Accidents (recorded by the police);e
46241;Statistics of road traffic accidents;JAHR;Year;2020;DINSG;Germany;DG;Germany;VERUK1;Accident category;UNF-SACH;Serious acc. invol. mat.damage in the nearer sense;VEROL1;Area;;Total;58014;number;VER001;Accidents (recorded by the police);e
46241;Statistics of road traffic accidents;JAHR;Year;2017;DINSG;Germany;DG;Germany;VERUK1;Accident category;;Total;VEROL1;Area;ORTSLG01;Inside built-up areas;1934538;number;VER001;Accidents (recorded by the police);e
46241;Statistics of road traffic accidents;JAHR;Year;2019;DINSG;Germany;DG;Germany;VERUK1;Accident category;UNF-SACH;Serious acc. invol. mat.damage in the nearer sense;VEROL1;Area;;Total;69189;number;VER001;Accidents (recorded by the police);e
46241;Statistics of road traffic accidents;JAHR;Year;2018;DINSG;Germany;DG;Germany;VERUK1;Accident category;UNF-RAUSCH;Other accidents involving intoxication;VEROL1;Area;ORTSLG02;Outside built-up areas (excl. motorways/freeways);1937;number;VER001;Accidents (recorded by the police);e
46241;Statistics of road traffic accidents;JAHR;Year;2024;DINSG;Germany;DG;Germany;VERUK1;Accident category;;Total;VEROL1;Area;ORTSLG02;Outside built-up areas (excl. motorways/freeways);492718;number;VER001;Accidents (recorded by the police);e
46241;Statistics of road traffic accidents;JAHR;Year;2020;DINSG;Germany;DG;Germany;VERUK1;Accident category;UNF-PERS;Personal injury accidents;VEROL1;Area;;Total;264499;number;VER001;Accidents (recorded by the police);e
46241;Statistics of road traffic accidents;JAHR;Year;2020;DINSG;Germany;DG;Germany;VERUK1;Accident category;UNF-RAUSCH;Other accidents involving intoxication;VEROL1;Area;ORTSLG03;On motorways/freeways;716;number;VER001;Accidents (recorded by the police);e
46241;Statistics of road traffic accidents;JAHR;Year;2022;DINSG;Germany;DG;Germany;VERUK1;Accident category;UNF-PERS;Personal injury accidents;VEROL1;Area;ORTSLG02;Outside built-up areas (excl. motorways/freeways);68691;number;VER001;Accidents (recorded by the police);e
46241;Statistics of road traffic accidents;JAHR;Year;2017;DINSG;Germany;DG;Germany;VERUK1;Accident category;;Total;VEROL1;Area;;Total;2643098;number;VER001;Accidents (recorded by the police);e
46241;Statistics of road traffic accidents;JAHR;Year;2024;DINSG;Germany;DG;Germany;VERUK1;Accident category;UNF-SACH;Serious acc. invol. mat.damage in the nearer sense;VEROL1;Area;;Total;64080;number;VER001;Accidents (recorded by the police);e
46241;Statistics of road traffic accidents;JAHR;Year;2022;DINSG;Germany;DG;Germany;VERUK1;Accident category;UNF-RAUSCH;Other accidents involving intoxication;VEROL1;Area;ORTSLG02;Outside built-up areas (excl. motorways/freeways);2231;number;VER001;Accidents (recorded by the police);e
46241;Statistics of road traffic accidents;JAHR;Year;2021;DINSG;Germany;DG;Germany;VERUK1;Accident category;;Total;VEROL1;Area;ORTSLG02;Outside built-up areas (excl. motorways/freeways);495795;number;VER001;Accidents (recorded by the police);e
46241;Statistics of road traffic accidents;JAHR;Year;2020;DINSG;Germany;DG;Germany;VERUK1;Accident category;;Total;VEROL1;Area;ORTSLG02;Outside built-up areas (excl. motorways/freeways);469827;number;VER001;Accidents (recorded by the police);e
46241;Statistics of road traffic accidents;JAHR;Year;2024;DINSG;Germany;DG;Germany;VERUK1;Accident category;UNF-PERS;Personal injury accidents;VEROL1;Area;ORTSLG02;Outside built-up areas (excl. motorways/freeways);68912;number;VER001;Accidents (recorded by the police);e
46241;Statistics of road traffic accidents;JAHR;Year;2018;DINSG;Germany;DG;Germany;VERUK1;Accident category;UNF-SACH;Serious acc. invol. mat.damage in the nearer sense;VEROL1;Area;ORTSLG03;On motorways/freeways;10358;number;VER001;Accidents (recorded by the police);e
46241;Statistics of road traffic accidents;JAHR;Year;2015;DINSG;Germany;DG;Germany;VERUK1;Accident category;UNF-RAUSCH;Other accidents involving intoxication;VEROL1;Area;ORTSLG03;On motorways/freeways;684;number;VER001;Accidents (recorded by the police);e
46241;Statistics of road traffic accidents;JAHR;Year;2022;DINSG;Germany;DG;Germany;VERUK1;Accident category;UNF-SACH-UEBR;Other accidents involving material damage;VEROL1;Area;;Total;2038418;number;VER001;Accidents (recorded by the police);e
46241;Statistics of road traffic accidents;JAHR;Year;2021;DINSG;Germany;DG;Germany;VERUK1;Accident category;UNF-SACH-UEBR;Other accidents involving material damage;VEROL1;Area;ORTSLG03;On motorways/freeways;116898;number;VER001;Accidents (recorded by the police);e
46241;Statistics of road traffic accidents;JAHR;Year;2016;DINSG;Germany;DG;Germany;VERUK1;Accident category;UNF-SACH;Serious acc. invol. mat.damage in the nearer sense;VEROL1;Area;ORTSLG03;On motorways/freeways;10806;number;VER001;Accidents (recorded by the police);e
46241;Statistics of road traffic accidents;JAHR;Year;2021;DINSG;Germany;DG;Germany;VERUK1;Accident category;UNF-RAUSCH;Other accidents involving intoxication;VEROL1;Area;;Total;13815;number;VER001;Accidents (recorded by the police);e
46241;Statistics of road traffic accidents;JAHR;Year;2019;DINSG;Germany;DG;Germany;VERUK1;Accident category;;Total;VEROL1;Area;ORTSLG03;On motorways/freeways;177981;number;VER001;Accidents (recorded by the police);e
46241;Statistics of road traffic accidents;JAHR;Year;2018;DINSG;Germany;DG;Germany;VERUK1;Accident category;;Total;VEROL1;Area;ORTSLG03;On motorways/freeways;175995;number;VER001;Accidents (recorded by the police);e
46241;Statistics of road traffic accidents;JAHR;Year;2019;DINSG;Germany;DG;Germany;VERUK1;Accident category;UNF-PERS;Personal injury accidents;VEROL1;Area;ORTSLG01;Inside built-up areas;207625;number;VER001;Accidents (recorded by the police);e
46241;Statistics of road traffic accidents;JAHR;Year;2015;DINSG;Germany;DG;Germany;VERUK1;Accident category;UNF-RAUSCH;Other accidents involving intoxication;VEROL1;Area;;Total;14732;number;VER001;Accidents (recorded by the police);e
46241;Statistics of road traffic accidents;JAHR;Year;2015;DINSG;Germany;DG;Germany;VERUK1;Accident category;UNF-SACH;Serious acc. invol. mat.damage in the nearer sense;VEROL1;Area;;Total;68776;number;VER001;Accidents (recorded by the police);e
46241;Statistics of road traffic accidents;JAHR;Year;2017;DINSG;Germany;DG;Germany;VERUK1;Accident category;UNF-PERS;Personal injury accidents;VEROL1;Area;ORTSLG01;Inside built-up areas;207562;number;VER001;Accidents (recorded by the police);e
46241;Statistics of road traffic accidents;JAHR;Year;2015;DINSG;Germany;DG;Germany;VERUK1;Accident category;UNF-PERS;Personal injury accidents;VEROL1;Area;ORTSLG01;Inside built-up areas;209821;number;VER001;Accidents (recorded by the police);e
46241;Statistics of road traffic accidents;JAHR;Year;2017;DINSG;Germany;DG;Germany;VERUK1;Accident category;UNF-SACH-UEBR;Other accidents involving material damage;VEROL1;Area;ORTSLG03;On motorways/freeways;145423;number;VER001;Accidents (recorded by the police);e
46241;Statistics of road traffic accidents;JAHR;Year;2020;DINSG;Germany;DG;Germany;VERUK1;Accident category;UNF-PERS;Personal injury accidents;VEROL1;Area;ORTSLG02;Outside built-up areas (excl. motorways/freeways);65850;number;VER001;Accidents (recorded by the police);e
46241;Statistics of road traffic accidents;JAHR;Year;2018;DINSG;Germany;DG;Germany;VERUK1;Accident category;UNF-SACH;Serious acc. invol. mat.damage in the nearer sense;VEROL1;Area;;Total;69161;number;VER001;Accidents (recorded by the police);e
46241;Statistics of road traffic accidents;JAHR;Year;2024;DINSG;Germany;DG;Germany;VERUK1;Accident category;;Total;VEROL1;Area;;Total;2512746;number;VER001;Accidents (recorded by the police);e
46241;Statistics of road traffic accidents;JAHR;Year;2019;DINSG;Germany;DG;Germany;VERUK1;Accident category;UNF-SACH-UEBR;Other accidents involving material damage;VEROL1;Area;ORTSLG01;Inside built-up areas;1714634;number;VER001;Accidents (recorded by the police);e
46241;Statistics of road traffic accidents;JAHR;Year;2018;DINSG;Germany;DG;Germany;VERUK1;Accident category;UNF-RAUSCH;Other accidents involving intoxication;VEROL1;Area;ORTSLG01;Inside built-up areas;12930;number;VER001;Accidents (recorded by the police);e
46241;Statistics of road traffic accidents;JAHR;Year;2021;DINSG;Germany;DG;Germany;VERUK1;Accident category;UNF-SACH;Serious acc. invol. mat.damage in the nearer sense;VEROL1;Area;;Total;62398;number;VER001;Accidents (recorded by the police);e
46241;Statistics of road traffic accidents;JAHR;Year;2018;DINSG;Germany;DG;Germany;VERUK1;Accident category;UNF-SACH-UEBR;Other accidents involving material damage;VEROL1;Area;ORTSLG03;On motorways/freeways;144286;number;VER001;Accidents (recorded by the police);e
46241;Statistics of road traffic accidents;JAHR;Year;2024;DINSG;Germany;DG;Germany;VERUK1;Accident category;;Total;VEROL1;Area;ORTSLG01;Inside built-up areas;1854853;number;VER001;Accidents (recorded by the police);e
46241;Statistics of road traffic accidents;JAHR;Year;2024;DINSG;Germany;DG;Germany;VERUK1;Accident category;UNF-PERS;Personal injury accidents;VEROL1;Area;ORTSLG01;Inside built-up areas;202334;number;VER001;Accidents (recorded by the police);e
46241;Statistics of road traffic accidents;JAHR;Year;2020;DINSG;Germany;DG;Germany;VERUK1;Accident category;UNF-RAUSCH;Other accidents involving intoxication;VEROL1;Area;ORTSLG02;Outside built-up areas (excl. motorways/freeways);1825;number;VER001;Accidents (recorded by the police);e
46241;Statistics of road traffic accidents;JAHR;Year;2022;DINSG;Germany;DG;Germany;VERUK1;Accident category;UNF-PERS;Personal injury accidents;VEROL1;Area;ORTSLG01;Inside built-up areas;203226;number;VER001;Accidents (recorded by the police);e
46241;Statistics of road traffic accidents;JAHR;Year;2020;DINSG;Germany;DG;Germany;VERUK1;Accident category;;Total;VEROL1;Area;ORTSLG01;Inside built-up areas;1645287;number;VER001;Accidents (recorded by the police);e
46241;Statistics of road traffic accidents;JAHR;Year;2024;DINSG;Germany;DG;Germany;VERUK1;Accident category;UNF-PERS;Personal injury accidents;VEROL1;Area;;Total;290706;number;VER001;Accidents (recorded by the police);e
46241;Statistics of road traffic accidents;JAHR;Year;2022;DINSG;Germany;DG;Germany;VERUK1;Accident category;UNF-RAUSCH;Other accidents involving intoxication;VEROL1;Area;ORTSLG03;On motorways/freeways;957;number;VER001;Accidents (recorded by the police);e
46241;Statistics of road traffic accidents;JAHR;Year;2020;DINSG;Germany;DG;Germany;VERUK1;Accident category;UNF-PERS;Personal injury accidents;VEROL1;Area;ORTSLG01;Inside built-up areas;183412;number;VER001;Accidents (recorded by the police);e
46241;Statistics of road traffic accidents;JAHR;Year;2021;DINSG;Germany;DG;Germany;VERUK1;Accident category;;Total;VEROL1;Area;ORTSLG03;On motorways/freeways;144378;number;VER001;Accidents (recorded by the police);e
46241;Statistics of road traffic accidents;JAHR;Year;2023;DINSG;Germany;DG;Germany;VERUK1;Accident category;UNF-PERS;Personal injury accidents;VEROL1;Area;ORTSLG01;Inside built-up areas;203260;number;VER001;Accidents (recorded by the police);e
46241;Statistics of road traffic accidents;JAHR;Year;2022;DINSG;Germany;DG;Germany;VERUK1;Accident category;UNF-SACH-UEBR;Other accidents involving material damage;VEROL1;Area;ORTSLG01;Inside built-up areas;1518395;number;VER001;Accidents (recorded by the police);e
46241;Statistics of road traffic accidents;JAHR;Year;2021;DINSG;Germany;DG;Germany;VERUK1;Accident category;UNF-SACH-UEBR;Other accidents involving material damage;VEROL1;Area;;Total;1979738;number;VER001;Accidents (recorded by the police);e
46241;Statistics of road traffic accidents;JAHR;Year;2018;DINSG;Germany;DG;Germany;VERUK1;Accident category;;Total;VEROL1;Area;ORTSLG02;Outside built-up areas (excl. motorways/freeways);514178;number;VER001;Accidents (recorded by the police);e
46241;Statistics of road traffic accidents;JAHR;Year;2021;DINSG;Germany;DG;Germany;VERUK1;Accident category;UNF-SACH-UEBR;Other accidents involving material damage;VEROL1;Area;ORTSLG02;Outside built-up areas (excl. motorways/freeways);411057;number;VER001;Accidents (recorded by the police);e
46241;Statistics of road traffic accidents;JAHR;Year;2018;DINSG;Germany;DG;Germany;VERUK1;Accident category;UNF-PERS;Personal injury accidents;VEROL1;Area;;Total;308721;number;VER001;Accidents (recorded by the police);e
46241;Statistics of road traffic accidents;JAHR;Year;2021;DINSG;Germany;DG;Germany;VERUK1;Accident category;UNF-PERS;Personal injury accidents;VEROL1;Area;ORTSLG01;Inside built-up areas;176948;number;VER001;Accidents (recorded by the police);e
46241;Statistics of road traffic accidents;JAHR;Year;2016;DINSG;Germany;DG;Germany;VERUK1;Accident category;UNF-SACH-UEBR;Other accidents involving material damage;VEROL1;Area;ORTSLG01;Inside built-up areas;1636802;number;VER001;Accidents (recorded by the police);e
46241;Statistics of road traffic accidents;JAHR;Year;2020;DINSG;Germany;DG;Germany;VERUK1;Accident category;UNF-RAUSCH;Other accidents involving intoxication;VEROL1;Area;;Total;13596;number;VER001;Accidents (recorded by the police);e
46241;Statistics of road traffic accidents;JAHR;Year;2015;DINSG;Germany;DG;Germany;VERUK1;Accident category;;Total;VEROL1;Area;ORTSLG01;Inside built-up areas;1854919;number;VER001;Accidents (recorded by the police);e
46241;Statistics of road traffic accidents;JAHR;Year;2021;DINSG;Germany;DG;Germany;VERUK1;Accident category;UNF-SACH;Serious acc. invol. mat.damage in the nearer sense;VEROL1;Area;ORTSLG01;Inside built-up areas;34983;number;VER001;Accidents (recorded by the police);e
46241;Statistics of road traffic accidents;JAHR;Year;2019;DINSG;Germany;DG;Germany;VERUK1;Accident category;UNF-SACH-UEBR;Other accidents involving material damage;VEROL1;Area;ORTSLG02;Outside built-up areas (excl. motorways/freeways);439165;number;VER001;Accidents (recorded by the police);e
46241;Statistics of road traffic accidents;JAHR;Year;2023;DINSG;Germany;DG;Germany;VERUK1;Accident category;;Total;VEROL1;Area;ORTSLG01;Inside built-up areas;1843842;number;VER001;Accidents (recorded by the police);e
46241;Statistics of road traffic accidents;JAHR;Year;2015;DINSG;Germany;DG;Germany;VERUK1;Accident category;UNF-SACH-UEBR;Other accidents involving material damage;VEROL1;Area;ORTSLG01;Inside built-up areas;1592255;number;VER001;Accidents (recorded by the police);e
46241;Statistics of road traffic accidents;JAHR;Year;2024;DINSG;Germany;DG;Germany;VERUK1;Accident category;UNF-SACH;Serious acc. invol. mat.damage in the nearer sense;VEROL1;Area;ORTSLG03;On motorways/freeways;10450;number;VER001;Accidents (recorded by the police);e
46241;Statistics of road traffic accidents;JAHR;Year;2018;DINSG;Germany;DG;Germany;VERUK1;Accident category;UNF-SACH-UEBR;Other accidents involving material damage;VEROL1;Area;ORTSLG02;Outside built-up areas (excl. motorways/freeways);418839;number;VER001;Accidents (recorded by the police);e
46241;Statistics of road traffic accidents;JAHR;Year;2020;DINSG;Germany;DG;Germany;VERUK1;Accident category;UNF-SACH-UEBR;Other accidents involving material damage;VEROL1;Area;ORTSLG01;Inside built-up areas;1416940;number;VER001;Accidents (recorded by the police);e
46241;Statistics of road traffic accidents;JAHR;Year;2023;DINSG;Germany;DG;Germany;VERUK1;Accident category;UNF-SACH-UEBR;Other accidents involving material damage;VEROL1;Area;ORTSLG02;Outside built-up areas (excl. motorways/freeways);421169;number;VER001;Accidents (recorded by the police);e
46241;Statistics of road traffic accidents;JAHR;Year;2022;DINSG;Germany;DG;Germany;VERUK1;Accident category;;Total;VEROL1;Area;ORTSLG02;Outside built-up areas (excl. motorways/freeways);486629;number;VER001;Accidents (recorded by the police);e
46241;Statistics of road traffic accidents;JAHR;Year;2020;DINSG;Germany;DG;Germany;VERUK1;Accident category;UNF-SACH-UEBR;Other accidents involving material damage;VEROL1;Area;;Total;1909136;number;VER001;Accidents (recorded by the police);e
46241;Statistics of road traffic accidents;JAHR;Year;2022;DINSG;Germany;DG;Germany;VERUK1;Accident category;UNF-SACH-UEBR;Other accidents involving material damage;VEROL1;Area;ORTSLG02;Outside built-up areas (excl. motorways/freeways);399409;number;VER001;Accidents (recorded by the police);e
46241;Statistics of road traffic accidents;JAHR;Year;2020;DINSG;Germany;DG;Germany;VERUK1;Accident category;UNF-RAUSCH;Other accidents involving intoxication;VEROL1;Area;ORTSLG01;Inside built-up areas;11055;number;VER001;Accidents (recorded by the police);e
46241;Statistics of road traffic accidents;JAHR;Year;2017;DINSG;Germany;DG;Germany;VERUK1;Accident category;UNF-SACH;Serious acc. invol. mat.damage in the nearer sense;VEROL1;Area;ORTSLG03;On motorways/freeways;11745;number;VER001;Accidents (recorded by the police);e
46241;Statistics of road traffic accidents;JAHR;Year;2018;DINSG;Germany;DG;Germany;VERUK1;Accident category;UNF-SACH;Serious acc. invol. mat.damage in the nearer sense;VEROL1;Area;ORTSLG01;Inside built-up areas;40461;number;VER001;Accidents (recorded by the police);e
46241;Statistics of road traffic accidents;JAHR;Year;2022;DINSG;Germany;DG;Germany;VERUK1;Accident category;UNF-SACH;Serious acc. invol. mat.damage in the nearer sense;VEROL1;Area;;Total;62726;number;VER001;Accidents (recorded by the police);e
46241;Statistics of road traffic accidents;JAHR;Year;2019;DINSG;Germany;DG;Germany;VERUK1;Accident category;UNF-RAUSCH;Other accidents involving intoxication;VEROL1;Area;ORTSLG03;On motorways/freeways;761;number;VER001;Accidents (recorded by the police);e
46241;Statistics of road traffic accidents;JAHR;Year;2024;DINSG;Germany;DG;Germany;VERUK1;Accident category;UNF-SACH-UEBR;Other accidents involving material damage;VEROL1;Area;ORTSLG03;On motorways/freeways;134333;number;VER001;Accidents (recorded by the police);e
46241;Statistics of road traffic accidents;JAHR;Year;2017;DINSG;Germany;DG;Germany;VERUK1;Accident category;UNF-PERS;Personal injury accidents;VEROL1;Area;ORTSLG03;On motorways/freeways;20928;number;VER001;Accidents (recorded by the police);e
46241;Statistics of road traffic accidents;JAHR;Year;2017;DINSG;Germany;DG;Germany;VERUK1;Accident category;UNF-SACH-UEBR;Other accidents involving material damage;VEROL1;Area;ORTSLG01;Inside built-up areas;1670700;number;VER001;Accidents (recorded by the police);e
46241;Statistics of road traffic accidents;JAHR;Year;2021;DINSG;Germany;DG;Germany;VERUK1;Accident category;UNF-SACH-UEBR;Other accidents involving material damage;VEROL1;Area;ORTSLG01;Inside built-up areas;1451783;number;VER001;Accidents (recorded by the police);e
46241;Statistics of road traffic accidents;JAHR;Year;2018;DINSG;Germany;DG;Germany;VERUK1;Accident category;UNF-PERS;Personal injury accidents;VEROL1;Area;ORTSLG01;Inside built-up areas;213124;number;VER001;Accidents (recorded by the police);e
46241;Statistics of road traffic accidents;JAHR;Year;2015;DINSG;Germany;DG;Germany;VERUK1;Accident category;UNF-SACH-UEBR;Other accidents involving material damage;VEROL1;Area;;Total;2127664;number;VER001;Accidents (recorded by the police);e
46241;Statistics of road traffic accidents;JAHR;Year;2021;DINSG;Germany;DG;Germany;VERUK1;Accident category;UNF-PERS;Personal injury accidents;VEROL1;Area;ORTSLG02;Outside built-up areas (excl. motorways/freeways);65632;number;VER001;Accidents (recorded by the police);e
46241;Statistics of road traffic accidents;JAHR;Year;2021;DINSG;Germany;DG;Germany;VERUK1;Accident category;UNF-RAUSCH;Other accidents involving intoxication;VEROL1;Area;ORTSLG01;Inside built-up areas;11051;number;VER001;Accidents (recorded by the police);e
46241;Statistics of road traffic accidents;JAHR;Year;2016;DINSG;Germany;DG;Germany;VERUK1;Accident category;;Total;VEROL1;Area;;Total;2585327;number;VER001;Accidents (recorded by the police);e
46241;Statistics of road traffic accidents;JAHR;Year;2018;DINSG;Germany;DG;Germany;VERUK1;Accident category;UNF-SACH-UEBR;Other accidents involving material damage;VEROL1;Area;;Total;2242905;number;VER001;Accidents (recorded by the police);e
46241;Statistics of road traffic accidents;JAHR;Year;2020;DINSG;Germany;DG;Germany;VERUK1;Accident category;UNF-SACH-UEBR;Other accidents involving material damage;VEROL1;Area;ORTSLG02;Outside built-up areas (excl. motorways/freeways);386734;number;VER001;Accidents (recorded by the police);e
46241;Statistics of road traffic accidents;JAHR;Year;2015;DINSG;Germany;DG;Germany;VERUK1;Accident category;;Total;VEROL1;Area;ORTSLG02;Outside built-up areas (excl. motorways/freeways);500816;number;VER001;Accidents (recorded by the police);e
46241;Statistics of road traffic accidents;JAHR;Year;2018;DINSG;Germany;DG;Germany;VERUK1;Accident category;UNF-RAUSCH;Other accidents involving intoxication;VEROL1;Area;ORTSLG03;On motorways/freeways;814;number;VER001;Accidents (recorded by the police);e
46241;Statistics of road traffic accidents;JAHR;Year;2019;DINSG;Germany;DG;Germany;VERUK1;Accident category;UNF-SACH-UEBR;Other accidents involving material damage;VEROL1;Area;ORTSLG03;On motorways/freeways;146749;number;VER001;Accidents (recorded by the police);e
46241;Statistics of road traffic accidents;JAHR;Year;2020;DINSG;Germany;DG;Germany;VERUK1;Accident category;;Total;VEROL1;Area;;Total;2245245;number;VER001;Accidents (recorded by the police);e
46241;Statistics of road traffic accidents;JAHR;Year;2021;DINSG;Germany;DG;Germany;VERUK1;Accident category;UNF-PERS;Personal injury accidents;VEROL1;Area;;Total;258987;number;VER001;Accidents (recorded by the police);e
46241;Statistics of road traffic accidents;JAHR;Year;2023;DINSG;Germany;DG;Germany;VERUK1;Accident category;;Total;VEROL1;Area;ORTSLG02;Outside built-up areas (excl. motorways/freeways);509989;number;VER001;Accidents (recorded by the police);e
46241;Statistics of road traffic accidents;JAHR;Year;2018;DINSG;Germany;DG;Germany;VERUK1;Accident category;UNF-SACH-UEBR;Other accidents involving material damage;VEROL1;Area;ORTSLG01;Inside built-up areas;1679780;number;VER001;Accidents (recorded by the police);e
46241;Statistics of road traffic accidents;JAHR;Year;2023;DINSG;Germany;DG;Germany;VERUK1;Accident category;UNF-SACH-UEBR;Other accidents involving material damage;VEROL1;Area;ORTSLG01;Inside built-up areas;1590802;number;VER001;Accidents (recorded by the police);e
46241;Statistics of road traffic accidents;JAHR;Year;2022;DINSG;Germany;DG;Germany;VERUK1;Accident category;;Total;VEROL1;Area;ORTSLG03;On motorways/freeways;149134;number;VER001;Accidents (recorded by the police);e
46241;Statistics of road traffic accidents;JAHR;Year;2022;DINSG;Germany;DG;Germany;VERUK1;Accident category;UNF-RAUSCH;Other accidents involving intoxication;VEROL1;Area;ORTSLG01;Inside built-up areas;12461;number;VER001;Accidents (recorded by the police);e
46241;Statistics of road traffic accidents;JAHR;Year;2019;DINSG;Germany;DG;Germany;VERUK1;Accident category;UNF-RAUSCH;Other accidents involving intoxication;VEROL1;Area;;Total;15781;number;VER001;Accidents (recorded by the police);e
46241;Statistics of road traffic accidents;JAHR;Year;2024;DINSG;Germany;DG;Germany;VERUK1;Accident category;UNF-PERS;Personal injury accidents;VEROL1;Area;ORTSLG03;On motorways/freeways;19460;number;VER001;Accidents (recorded by the police);e
46241;Statistics of road traffic accidents;JAHR;Year;2020;DINSG;Germany;DG;Germany;VERUK1;Accident category;;Total;VEROL1;Area;ORTSLG03;On motorways/freeways;130131;number;VER001;Accidents (recorded by the police);e
46241;Statistics of road traffic accidents;JAHR;Year;2022;DINSG;Germany;DG;Germany;VERUK1;Accident category;UNF-SACH-UEBR;Other accidents involving material damage;VEROL1;Area;ORTSLG03;On motorways/freeways;120614;number;VER001;Accidents (recorded by the police);e
46241;Statistics of road traffic accidents;JAHR;Year;2015;DINSG;Germany;DG;Germany;VERUK1;Accident category;UNF-PERS;Personal injury accidents;VEROL1;Area;;Total;305659;number;VER001;Accidents (recorded by the police);e
46241;Statistics of road traffic accidents;JAHR;Year;2018;DINSG;Germany;DG;Germany;VERUK1;Accident category;UNF-SACH;Serious acc. invol. mat.damage in the nearer sense;VEROL1;Area;ORTSLG02;Outside built-up areas (excl. motorways/freeways);18342;number;VER001;Accidents (recorded by the police);e
46241;Statistics of road traffic accidents;JAHR;Year;2017;DINSG;Germany;DG;Germany;VERUK1;Accident category;UNF-SACH;Serious acc. invol. mat.damage in the nearer sense;VEROL1;Area;ORTSLG02;Outside built-up areas (excl. motorways/freeways);19341;number;VER001;Accidents (recorded by the police);e
46241;Statistics of road traffic accidents;JAHR;Year;2017;DINSG;Germany;DG;Germany;VERUK1;Accident category;UNF-RAUSCH;Other accidents involving intoxication;VEROL1;Area;ORTSLG03;On motorways/freeways;765;number;VER001;Accidents (recorded by the police);e
46241;Statistics of road traffic accidents;JAHR;Year;2023;DINSG;Germany;DG;Germany;VERUK1;Accident category;UNF-PERS;Personal injury accidents;VEROL1;Area;;Total;291890;number;VER001;Accidents (recorded by the police);e
46241;Statistics of road traffic accidents;JAHR;Year;2020;DINSG;Germany;DG;Germany;VERUK1;Accident category;UNF-SACH;Serious acc. invol. mat.damage in the nearer sense;VEROL1;Area;ORTSLG03;On motorways/freeways;8716;number;VER001;Accidents (recorded by the police);e
46241;Statistics of road traffic accidents;JAHR;Year;2017;DINSG;Germany;DG;Germany;VERUK1;Accident category;UNF-PERS;Personal injury accidents;VEROL1;Area;ORTSLG02;Outside built-up areas (excl. motorways/freeways);74166;number;VER001;Accidents (recorded by the police);e
46241;Statistics of road traffic accidents;JAHR;Year;2018;DINSG;Germany;DG;Germany;VERUK1;Accident category;UNF-PERS;Personal injury accidents;VEROL1;Area;ORTSLG02;Outside built-up areas (excl. motorways/freeways);75060;number;VER001;Accidents (recorded by the police);e
46241;Statistics of road traffic accidents;JAHR;Year;2017;DINSG;Germany;DG;Germany;VERUK1;Accident category;UNF-SACH-UEBR;Other accidents involving material damage;VEROL1;Area;ORTSLG02;Outside built-up areas (excl. motorways/freeways);434259;number;VER001;Accidents (recorded by the police);e
46241;Statistics of road traffic accidents;JAHR;Year;2020;DINSG;Germany;DG;Germany;VERUK1;Accident category;UNF-PERS;Personal injury accidents;VEROL1;Area;ORTSLG03;On motorways/freeways;15237;number;VER001;Accidents (recorded by the police);e
46241;Statistics of road traffic accidents;JAHR;Year;2021;DINSG;Germany;DG;Germany;VERUK1;Accident category;UNF-PERS;Personal injury accidents;VEROL1;Area;ORTSLG03;On motorways/freeways;16407;number;VER001;Accidents (recorded by the police);e
46241;Statistics of road traffic accidents;JAHR;Year;2021;DINSG;Germany;DG;Germany;VERUK1;Accident category;UNF-RAUSCH;Other accidents involving intoxication;VEROL1;Area;ORTSLG02;Outside built-up areas (excl. motorways/freeways);1959;number;VER001;Accidents (recorded by the police);e
46241;Statistics of road traffic accidents;JAHR;Year;2016;DINSG;Germany;DG;Germany;VERUK1;Accident category;UNF-SACH-UEBR;Other accidents involving material damage;VEROL1;Area;ORTSLG03;On motorways/freeways;141272;number;VER001;Accidents (recorded by the police);e
46241;Statistics of road traffic accidents;JAHR;Year;2019;DINSG;Germany;DG;Germany;VERUK1;Accident category;UNF-PERS;Personal injury accidents;VEROL1;Area;;Total;300143;number;VER001;Accidents (recorded by the police);e
46241;Statistics of road traffic accidents;JAHR;Year;2022;DINSG;Germany;DG;Germany;VERUK1;Accident category;;Total;VEROL1;Area;;Total;2406465;number;VER001;Accidents (recorded by the police);e
46241;Statistics of road traffic accidents;JAHR;Year;2022;DINSG;Germany;DG;Germany;VERUK1;Accident category;UNF-SACH;Serious acc. invol. mat.damage in the nearer sense;VEROL1;Area;ORTSLG01;Inside built-up areas;36620;number;VER001;Accidents (recorded by the police);e
46241;Statistics of road traffic accidents;JAHR;Year;2023;DINSG;Germany;DG;Germany;VERUK1;Accident category;UNF-SACH-UEBR;Other accidents involving material damage;VEROL1;Area;;Total;2146873;number;VER001;Accidents (recorded by the police);e
46241;Statistics of road traffic accidents;JAHR;Year;2016;DINSG;Germany;DG;Germany;VERUK1;Accident category;UNF-RAUSCH;Other accidents involving intoxication;VEROL1;Area;ORTSLG03;On motorways/freeways;796;number;VER001;Accidents (recorded by the police);e
46241;Statistics of road traffic accidents;JAHR;Year;2016;DINSG;Germany;DG;Germany;VERUK1;Accident category;;Total;VEROL1;Area;ORTSLG02;Outside built-up areas (excl. motorways/freeways);507831;number;VER001;Accidents (recorded by the police);e
46241;Statistics of road traffic accidents;JAHR;Year;2017;DINSG;Germany;DG;Germany;VERUK1;Accident category;UNF-SACH-UEBR;Other accidents involving material damage;VEROL1;Area;;Total;2250382;number;VER001;Accidents (recorded by the police);e
46241;Statistics of road traffic accidents;JAHR;Year;2021;DINSG;Germany;DG;Germany;VERUK1;Accident category;UNF-SACH;Serious acc. invol. mat.damage in the nearer sense;VEROL1;Area;ORTSLG03;On motorways/freeways;10268;number;VER001;Accidents (recorded by the police);e
46241;Statistics of road traffic accidents;JAHR;Year;2023;DINSG;Germany;DG;Germany;VERUK1;Accident category;;Total;VEROL1;Area;ORTSLG03;On motorways/freeways;165694;number;VER001;Accidents (recorded by the police);e
46241;Statistics of road traffic accidents;JAHR;Year;2023;DINSG;Germany;DG;Germany;VERUK1;Accident category;UNF-SACH;Serious acc. invol. mat.damage in the nearer sense;VEROL1;Area;ORTSLG03;On motorways/freeways;10705;number;VER001;Accidents (recorded by the police);e
46241;Statistics of road traffic accidents;JAHR;Year;2024;DINSG;Germany;DG;Germany;VERUK1;Accident category;UNF-SACH;Serious acc. invol. mat.damage in the nearer sense;VEROL1;Area;ORTSLG01;Inside built-up areas;36828;number;VER001;Accidents (recorded by the police);e
46241;Statistics of road traffic accidents;JAHR;Year;2015;DINSG;Germany;DG;Germany;VERUK1;Accident category;UNF-SACH-UEBR;Other accidents involving material damage;VEROL1;Area;ORTSLG03;On motorways/freeways;130311;number;VER001;Accidents (recorded by the police);e
46241;Statistics of road traffic accidents;JAHR;Year;2024;DINSG;Germany;DG;Germany;VERUK1;Accident category;UNF-RAUSCH;Other accidents involving intoxication;VEROL1;Area;ORTSLG01;Inside built-up areas;11819;number;VER001;Accidents (recorded by the police);e
46241;Statistics of road traffic accidents;JAHR;Year;2023;DINSG;Germany;DG;Germany;VERUK1;Accident category;UNF-SACH;Serious acc. invol. mat.damage in the nearer sense;VEROL1;Area;;Total;65100;number;VER001;Accidents (recorded by the police);e
46241;Statistics of road traffic accidents;JAHR;Year;2015;DINSG;Germany;DG;Germany;VERUK1;Accident category;UNF-SACH;Serious acc. invol. mat.damage in the nearer sense;VEROL1;Area;ORTSLG01;Inside built-up areas;40709;number;VER001;Accidents (recorded by the police);e
46241;Statistics of road traffic accidents;JAHR;Year;2017;DINSG;Germany;DG;Germany;VERUK1;Accident category;UNF-SACH;Serious acc. invol. mat.damage in the nearer sense;VEROL1;Area;ORTSLG01;Inside built-up areas;43375;number;VER001;Accidents (recorded by the police);e
46241;Statistics of road traffic accidents;JAHR;Year;2019;DINSG;Germany;DG;Germany;VERUK1;Accident category;UNF-SACH;Serious acc. invol. mat.damage in the nearer sense;VEROL1;Area;ORTSLG01;Inside built-up areas;40569;number;VER001;Accidents (recorded by the police);e
46241;Statistics of road traffic accidents;JAHR;Year;2017;DINSG;Germany;DG;Germany;VERUK1;Accident category;UNF-RAUSCH;Other accidents involving intoxication;VEROL1;Area;ORTSLG02;Outside built-up areas (excl. motorways/freeways);1933;number;VER001;Accidents (recorded by the police);e
46241;Statistics of road traffic accidents;JAHR;Year;2019;DINSG;Germany;DG;Germany;VERUK1;Accident category;UNF-RAUSCH;Other accidents involving intoxication;VEROL1;Area;ORTSLG01;Inside built-up areas;13010;number;VER001;Accidents (recorded by the police);e
46241;Statistics of road traffic accidents;JAHR;Year;2016;DINSG;Germany;DG;Germany;VERUK1;Accident category;UNF-SACH;Serious acc. invol. mat.damage in the nearer sense;VEROL1;Area;;Total;71638;number;VER001;Accidents (recorded by the police);e
46241;Statistics of road traffic accidents;JAHR;Year;2016;DINSG;Germany;DG;Germany;VERUK1;Accident category;UNF-PERS;Personal injury accidents;VEROL1;Area;ORTSLG03;On motorways/freeways;21193;number;VER001;Accidents (recorded by the police);e
46241;Statistics of road traffic accidents;JAHR;Year;2020;DINSG;Germany;DG;Germany;VERUK1;Accident category;UNF-SACH;Serious acc. invol. mat.damage in the nearer sense;VEROL1;Area;ORTSLG02;Outside built-up areas (excl. motorways/freeways);15418;number;VER001;Accidents (recorded by the police);e
46241;Statistics of road traffic accidents;JAHR;Year;2023;DINSG;Germany;DG;Germany;VERUK1;Accident category;UNF-RAUSCH;Other accidents involving intoxication;VEROL1;Area;;Total;15662;number;VER001;Accidents (recorded by the police);e
46241;Statistics of road traffic accidents;JAHR;Year;2024;DINSG;Germany;DG;Germany;VERUK1;Accident category;UNF-SACH-UEBR;Other accidents involving material damage;VEROL1;Area;ORTSLG01;Inside built-up areas;1603872;number;VER001;Accidents (recorded by the police);e
46241;Statistics of road traffic accidents;JAHR;Year;2018;DINSG;Germany;DG;Germany;VERUK1;Accident category;UNF-PERS;Personal injury accidents;VEROL1;Area;ORTSLG03;On motorways/freeways;20537;number;VER001;Accidents (recorded by the police);e
46241;Statistics of road traffic accidents;JAHR;Year;2016;DINSG;Germany;DG;Germany;VERUK1;Accident category;UNF-SACH-UEBR;Other accidents involving material damage;VEROL1;Area;ORTSLG02;Outside built-up areas (excl. motorways/freeways);411952;number;VER001;Accidents (recorded by the police);e
46241;Statistics of road traffic accidents;JAHR;Year;2021;DINSG;Germany;DG;Germany;VERUK1;Accident category;UNF-RAUSCH;Other accidents involving intoxication;VEROL1;Area;ORTSLG03;On motorways/freeways;805;number;VER001;Accidents (recorded by the police);e
46241;Statistics of road traffic accidents;JAHR;Year;2017;DINSG;Germany;DG;Germany;VERUK1;Accident category;UNF-RAUSCH;Other accidents involving intoxication;VEROL1;Area;;Total;15599;number;VER001;Accidents (recorded by the police);e
46241;Statistics of road traffic accidents;JAHR;Year;2024;DINSG;Germany;DG;Germany;VERUK1;Accident category;UNF-SACH-UEBR;Other accidents involving material damage;VEROL1;Area;;Total;2143052;number;VER001;Accidents (recorded by the police);e
46241;Statistics of road traffic accidents;JAHR;Year;2024;DINSG;Germany;DG;Germany;VERUK1;Accident category;UNF-RAUSCH;Other accidents involving intoxication;VEROL1;Area;;Total;14908;number;VER001;Accidents (recorded by the police);e
46241;Statistics of road traffic accidents;JAHR;Year;2016;DINSG;Germany;DG;Germany;VERUK1;Accident category;;Total;VEROL1;Area;ORTSLG01;Inside built-up areas;1903429;number;VER001;Accidents (recorded by the police);e
46241;Statistics of road traffic accidents;JAHR;Year;2022;DINSG;Germany;DG;Germany;VERUK1;Accident category;UNF-SACH;Serious acc. invol. mat.damage in the nearer sense;VEROL1;Area;ORTSLG02;Outside built-up areas (excl. motorways/freeways);16298;number;VER001;Accidents (recorded by the police);e
46241;Statistics of road traffic accidents;JAHR;Year;2021;DINSG;Germany;DG;Germany;VERUK1;Accident category;UNF-SACH;Serious acc. invol. mat.damage in the nearer sense;VEROL1;Area;ORTSLG02;Outside built-up areas (excl. motorways/freeways);17147;number;VER001;Accidents (recorded by the police);e
46241;Statistics of road traffic accidents;JAHR;Year;2023;DINSG;Germany;DG;Germany;VERUK1;Accident category;UNF-SACH;Serious acc. invol. mat.damage in the nearer sense;VEROL1;Area;ORTSLG02;Outside built-up areas (excl. motorways/freeways);17077;number;VER001;Accidents (recorded by the police);e
46241;Statistics of road traffic accidents;JAHR;Year;2015;DINSG;Germany;DG;Germany;VERUK1;Accident category;UNF-SACH-UEBR;Other accidents involving material damage;VEROL1;Area;ORTSLG02;Outside built-up areas (excl. motorways/freeways);405098;number;VER001;Accidents (recorded by the police);e
46241;Statistics of road traffic accidents;JAHR;Year;2024;DINSG;Germany;DG;Germany;VERUK1;Accident category;UNF-SACH;Serious acc. invol. mat.damage in the nearer sense;VEROL1;Area;ORTSLG02;Outside built-up areas (excl. motorways/freeways);16802;number;VER001;Accidents (recorded by the police);e
46241;Statistics of road traffic accidents;JAHR;Year;2022;DINSG;Germany;DG;Germany;VERUK1;Accident category;;Total;VEROL1;Area;ORTSLG01;Inside built-up areas;1770702;number;VER001;Accidents (recorded by the police);e
46241;Statistics of road traffic accidents;JAHR;Year;2023;DINSG;Germany;DG;Germany;VERUK1;Accident category;UNF-SACH-UEBR;Other accidents involving material damage;VEROL1;Area;ORTSLG03;On motorways/freeways;134902;number;VER001;Accidents (recorded by the police);e
46241;Statistics of road traffic accidents;JAHR;Year;2018;DINSG;Germany;DG;Germany;VERUK1;Accident category;UNF-RAUSCH;Other accidents involving intoxication;VEROL1;Area;;Total;15681;number;VER001;Accidents (recorded by the police);e
46241;Statistics of road traffic accidents;JAHR;Year;2022;DINSG;Germany;DG;Germany;VERUK1;Accident category;UNF-PERS;Personal injury accidents;VEROL1;Area;;Total;289672;number;VER001;Accidents (recorded by the police);e
46241;Statistics of road traffic accidents;JAHR;Year;2017;DINSG;Germany;DG;Germany;VERUK1;Accident category;UNF-RAUSCH;Other accidents involving intoxication;VEROL1;Area;ORTSLG01;Inside built-up areas;12901;number;VER001;Accidents (recorded by the police);e
46241;Statistics of road traffic accidents;JAHR;Year;2019;DINSG;Germany;DG;Germany;VERUK1;Accident category;UNF-RAUSCH;Other accidents involving intoxication;VEROL1;Area;ORTSLG02;Outside built-up areas (excl. motorways/freeways);2010;number;VER001;Accidents (recorded by the police);e
46241;Statistics of road traffic accidents;JAHR;Year;2021;DINSG;Germany;DG;Germany;VERUK1;Accident category;;Total;VEROL1;Area;;Total;2314938;number;VER001;Accidents (recorded by the police);e
46241;Statistics of road traffic accidents;JAHR;Year;2015;DINSG;Germany;DG;Germany;VERUK1;Accident category;;Total;VEROL1;Area;;Total;2516831;number;VER001;Accidents (recorded by the police);e
46241;Statistics of road traffic accidents;JAHR;Year;2024;DINSG;Germany;DG;Germany;VERUK1;Accident category;UNF-SACH-UEBR;Other accidents involving material damage;VEROL1;Area;ORTSLG02;Outside built-up areas (excl. motorways/freeways);404847;number;VER001;Accidents (recorded by the police);e
46241;Statistics of road traffic accidents;JAHR;Year;2016;DINSG;Germany;DG;Germany;VERUK1;Accident category;UNF-PERS;Personal injury accidents;VEROL1;Area;;Total;308145;number;VER001;Accidents (recorded by the police);e
46241;Statistics of road traffic accidents;JAHR;Year;2020;DINSG;Germany;DG;Germany;VERUK1;Accident category;UNF-SACH;Serious acc. invol. mat.damage in the nearer sense;VEROL1;Area;ORTSLG01;Inside built-up areas;33880;number;VER001;Accidents (recorded by the police);e
46241;Statistics of road traffic accidents;JAHR;Year;2016;DINSG;Germany;DG;Germany;VERUK1;Accident category;UNF-SACH-UEBR;Other accidents involving material damage;VEROL1;Area;;Total;2190026;number;VER001;Accidents (recorded by the police);e
